
CREATE TABLE CSM_APPLICATION
(
  APPLICATION_ID           NUMBER(38)           NOT NULL,
  APPLICATION_NAME         VARCHAR2(255 BYTE)   NOT NULL,
  APPLICATION_DESCRIPTION  VARCHAR2(200 BYTE)   NOT NULL,
  DECLARATIVE_FLAG         NUMBER(1)            DEFAULT 0                     NOT NULL,
  ACTIVE_FLAG              NUMBER(1)            DEFAULT 0                     NOT NULL,
  UPDATE_DATE              DATE                 DEFAULT SYSDATE,
  DATABASE_URL             VARCHAR2(100 BYTE),
  DATABASE_USER_NAME       VARCHAR2(100 BYTE),
  DATABASE_PASSWORD        VARCHAR2(100 BYTE),
  DATABASE_DIALECT         VARCHAR2(100 BYTE),
  DATABASE_DRIVER          VARCHAR2(100 BYTE),
  CSM_VERSION              VARCHAR2(20 BYTE)
)
/


CREATE TABLE CSM_FILTER_CLAUSE
(
  FILTER_CLAUSE_ID              NUMBER(38)      NOT NULL,
  CLASS_NAME                    VARCHAR2(100 BYTE) NOT NULL,
  FILTER_CHAIN                  VARCHAR2(2000 BYTE) NOT NULL,
  TARGET_CLASS_NAME             VARCHAR2(100 BYTE) NOT NULL,
  TARGET_CLASS_ATTRIBUTE_NAME   VARCHAR2(100 BYTE) NOT NULL,
  TARGET_CLASS_ATTRIBUTE_TYPE   VARCHAR2(100 BYTE) NOT NULL,
  TARGET_CLASS_ALIAS            VARCHAR2(100 BYTE),
  TARGET_CLASS_ATTRIBUTE_ALIAS  VARCHAR2(100 BYTE),
  GENERATED_SQL_USER            VARCHAR2(4000 BYTE) NOT NULL,
  GENERATED_SQL_GROUP           VARCHAR2(4000 BYTE) NOT NULL,
  APPLICATION_ID                NUMBER(38)      NOT NULL,
  UPDATE_DATE                   DATE            DEFAULT SYSDATE               NOT NULL
)
/


CREATE TABLE CSM_GROUP
(
  GROUP_ID        NUMBER(38)                    NOT NULL,
  GROUP_NAME      VARCHAR2(255 BYTE)            NOT NULL,
  GROUP_DESC      VARCHAR2(200 BYTE),
  UPDATE_DATE     DATE                          DEFAULT SYSDATE               NOT NULL,
  APPLICATION_ID  NUMBER(38)                    NOT NULL
)
/


CREATE TABLE CSM_MAPPING
(
  MAPPING_ID           NUMBER(38)               NOT NULL,
  APPLICATION_ID       NUMBER(38)               NOT NULL,
  OBJECT_NAME          VARCHAR2(100 BYTE)       NOT NULL,
  ATTRIBUTE_NAME       VARCHAR2(100 BYTE)       NOT NULL,
  OBJECT_PACKAGE_NAME  VARCHAR2(100 BYTE),
  TABLE_NAME           VARCHAR2(100 BYTE),
  TABLE_NAME_GROUP     VARCHAR2(100 BYTE),
  TABLE_NAME_USER      VARCHAR2(100 BYTE),
  VIEW_NAME_GROUP      VARCHAR2(100 BYTE),
  VIEW_NAME_USER       VARCHAR2(100 BYTE),
  ACTIVE_FLAG          NUMBER(1)                DEFAULT 0                     NOT NULL,
  MAINTAINED_FLAG      NUMBER(1)                DEFAULT 0                     NOT NULL,
  UPDATE_DATE          DATE                     DEFAULT SYSDATE
)
/


CREATE TABLE CSM_PG_PE
(
  PG_PE_ID               NUMBER(38)             NOT NULL,
  PROTECTION_GROUP_ID    NUMBER(38)             NOT NULL,
  PROTECTION_ELEMENT_ID  NUMBER(38)             NOT NULL,
  UPDATE_DATE            DATE                   DEFAULT SYSDATE
)
/


CREATE TABLE CSM_PRIVILEGE
(
  PRIVILEGE_ID           NUMBER(38)             NOT NULL,
  PRIVILEGE_NAME         VARCHAR2(100 BYTE)     NOT NULL,
  PRIVILEGE_DESCRIPTION  VARCHAR2(200 BYTE),
  UPDATE_DATE            DATE                   DEFAULT SYSDATE               NOT NULL
)
/


CREATE TABLE CSM_PROTECTION_ELEMENT
(
  PROTECTION_ELEMENT_ID           NUMBER(38)    NOT NULL,
  PROTECTION_ELEMENT_NAME         VARCHAR2(100 BYTE) NOT NULL,
  PROTECTION_ELEMENT_DESCRIPTION  VARCHAR2(200 BYTE),
  OBJECT_ID                       VARCHAR2(100 BYTE) NOT NULL,
  ATTRIBUTE                       VARCHAR2(100 BYTE),
  ATTRIBUTE_VALUE                 VARCHAR2(100 BYTE),
  PROTECTION_ELEMENT_TYPE         VARCHAR2(100 BYTE),
  APPLICATION_ID                  NUMBER(38)    NOT NULL,
  UPDATE_DATE                     DATE          DEFAULT SYSDATE               NOT NULL
)
/


CREATE TABLE CSM_PROTECTION_GROUP
(
  PROTECTION_GROUP_ID           NUMBER(38)      NOT NULL,
  PROTECTION_GROUP_NAME         VARCHAR2(100 BYTE) NOT NULL,
  PROTECTION_GROUP_DESCRIPTION  VARCHAR2(200 BYTE),
  APPLICATION_ID                NUMBER(38)      NOT NULL,
  LARGE_ELEMENT_COUNT_FLAG      NUMBER(1)       NOT NULL,
  UPDATE_DATE                   DATE            DEFAULT SYSDATE               NOT NULL,
  PARENT_PROTECTION_GROUP_ID    NUMBER(38)
)
/


CREATE TABLE CSM_ROLE
(
  ROLE_ID           NUMBER(38)                  NOT NULL,
  ROLE_NAME         VARCHAR2(100 BYTE)          NOT NULL,
  ROLE_DESCRIPTION  VARCHAR2(200 BYTE),
  APPLICATION_ID    NUMBER(38)                  NOT NULL,
  ACTIVE_FLAG       NUMBER(1)                   NOT NULL,
  UPDATE_DATE       DATE                        DEFAULT SYSDATE               NOT NULL
)
/


CREATE TABLE CSM_ROLE_PRIVILEGE
(
  ROLE_PRIVILEGE_ID  NUMBER(38)                 NOT NULL,
  ROLE_ID            NUMBER(38)                 NOT NULL,
  PRIVILEGE_ID       NUMBER(38)                 NOT NULL
)
/


CREATE TABLE CSM_USER
(
  USER_ID             NUMBER(38)                NOT NULL,
  LOGIN_NAME          VARCHAR2(500 BYTE)        NOT NULL,
  FIRST_NAME          VARCHAR2(100 BYTE)        NOT NULL,
  MIGRATED_FLAG       NUMBER(1)                 DEFAULT 0                     NOT NULL,
  LAST_NAME           VARCHAR2(100 BYTE)        NOT NULL,
  ORGANIZATION        VARCHAR2(100 BYTE),
  DEPARTMENT          VARCHAR2(100 BYTE),
  TITLE               VARCHAR2(100 BYTE),
  PHONE_NUMBER        VARCHAR2(15 BYTE),
  PASSWORD            VARCHAR2(100 BYTE),
  EMAIL_ID            VARCHAR2(100 BYTE),
  START_DATE          DATE,
  END_DATE            DATE,
  UPDATE_DATE         DATE                      DEFAULT SYSDATE               NOT NULL,
  PREMGRT_LOGIN_NAME  VARCHAR2(100 BYTE)
)
/


CREATE TABLE CSM_USER_GROUP
(
  USER_GROUP_ID  NUMBER(38)                     NOT NULL,
  USER_ID        NUMBER(38)                     NOT NULL,
  GROUP_ID       NUMBER(38)                     NOT NULL
)
/


CREATE TABLE CSM_USER_GROUP_ROLE_PG
(
  USER_GROUP_ROLE_PG_ID  NUMBER(38)             NOT NULL,
  USER_ID                NUMBER(38),
  GROUP_ID               NUMBER(38),
  ROLE_ID                NUMBER(38)             NOT NULL,
  PROTECTION_GROUP_ID    NUMBER(38)             NOT NULL,
  UPDATE_DATE            DATE                   DEFAULT SYSDATE               NOT NULL
)
/


CREATE TABLE CSM_USER_PE
(
  USER_PROTECTION_ELEMENT_ID  NUMBER(38)        NOT NULL,
  PROTECTION_ELEMENT_ID       NUMBER(38)        NOT NULL,
  USER_ID                     NUMBER(38)        NOT NULL
)
/


CREATE UNIQUE INDEX UQ_APPLICATION_NAME ON CSM_APPLICATION
(APPLICATION_NAME)
/


CREATE UNIQUE INDEX PK_APPLICATION ON CSM_APPLICATION
(APPLICATION_ID)
/


CREATE UNIQUE INDEX PK_FILTER_CLAUSE ON CSM_FILTER_CLAUSE
(FILTER_CLAUSE_ID)
/


CREATE UNIQUE INDEX UQ_GROUP_GROUP_NAME ON CSM_GROUP
(APPLICATION_ID, GROUP_NAME)
/


CREATE INDEX IDX_APPLICATION_ID ON CSM_GROUP
(APPLICATION_ID)
/


CREATE UNIQUE INDEX PK_GROUP ON CSM_GROUP
(GROUP_ID)
/


CREATE UNIQUE INDEX UQ_MP_OBJ_NAM_ATTRI_NAM_APP_ID ON CSM_MAPPING
(OBJECT_NAME, ATTRIBUTE_NAME, APPLICATION_ID)
/


CREATE INDEX IDX_PGPE_PG_ID ON CSM_PG_PE
(PROTECTION_GROUP_ID)
/


CREATE UNIQUE INDEX UQ_PG_PE_PG_PE_ID ON CSM_PG_PE
(PROTECTION_ELEMENT_ID, PROTECTION_GROUP_ID)
/


CREATE INDEX IDX_PGPE_PE_ID ON CSM_PG_PE
(PROTECTION_ELEMENT_ID)
/


CREATE UNIQUE INDEX PK_PG_PE ON CSM_PG_PE
(PG_PE_ID)
/


CREATE UNIQUE INDEX PK_PRIVILEGE ON CSM_PRIVILEGE
(PRIVILEGE_ID)
/


CREATE UNIQUE INDEX UQ_PRIVILEGE_NAME ON CSM_PRIVILEGE
(PRIVILEGE_NAME)
/


CREATE UNIQUE INDEX UQ_PE_OBJ_ATT_APP_ID ON CSM_PROTECTION_ELEMENT
(OBJECT_ID, ATTRIBUTE, APPLICATION_ID)
/


CREATE INDEX IDX_CSM_PE_APPLICATION_ID ON CSM_PROTECTION_ELEMENT
(APPLICATION_ID)
/


CREATE UNIQUE INDEX UQ_PE_OBJ_ATTR_ATTR_VAL_APP_ID ON CSM_PROTECTION_ELEMENT
(OBJECT_ID, ATTRIBUTE, ATTRIBUTE_VALUE, APPLICATION_ID)
/


CREATE UNIQUE INDEX PK_PROTECTION_ELEMENT ON CSM_PROTECTION_ELEMENT
(PROTECTION_ELEMENT_ID)
/


CREATE UNIQUE INDEX UQ_PG_PG_NAME ON CSM_PROTECTION_GROUP
(APPLICATION_ID, PROTECTION_GROUP_NAME)
/


CREATE INDEX IDX_PG_APP_ID ON CSM_PROTECTION_GROUP
(APPLICATION_ID)
/


CREATE INDEX IDX_PG_PARNT_PG_ID ON CSM_PROTECTION_GROUP
(PARENT_PROTECTION_GROUP_ID)
/


CREATE UNIQUE INDEX PK_PROTECTION_GROUP ON CSM_PROTECTION_GROUP
(PROTECTION_GROUP_ID)
/


CREATE UNIQUE INDEX UQ_ROLE_ROLE_NAME ON CSM_ROLE
(APPLICATION_ID, ROLE_NAME)
/


CREATE INDEX IDX_R_APP_ID ON CSM_ROLE
(APPLICATION_ID)
/


CREATE UNIQUE INDEX PK_ROLE ON CSM_ROLE
(ROLE_ID)
/


CREATE UNIQUE INDEX PK_ROLE_PRIVILEGE ON CSM_ROLE_PRIVILEGE
(ROLE_PRIVILEGE_ID)
/


CREATE UNIQUE INDEX UQ_ROLE_ID_PRIVILEGE_ID ON CSM_ROLE_PRIVILEGE
(PRIVILEGE_ID, ROLE_ID)
/


CREATE INDEX IDX_RP_PRIV_ID ON CSM_ROLE_PRIVILEGE
(PRIVILEGE_ID)
/


CREATE INDEX IDX_RP_ROLE_ID ON CSM_ROLE_PRIVILEGE
(ROLE_ID)
/


CREATE UNIQUE INDEX PK_USER ON CSM_USER
(USER_ID)
/


CREATE UNIQUE INDEX UQ_LOGIN_NAME ON CSM_USER
(LOGIN_NAME)
/


CREATE UNIQUE INDEX PK_USER_GROUP ON CSM_USER_GROUP
(USER_GROUP_ID)
/


CREATE INDEX IDX_UG_USER_ID ON CSM_USER_GROUP
(USER_ID)
/


CREATE INDEX IDX_UG_GROUP_ID ON CSM_USER_GROUP
(GROUP_ID)
/


CREATE UNIQUE INDEX PK_USER_GROUP_ROLE_PG ON CSM_USER_GROUP_ROLE_PG
(USER_GROUP_ROLE_PG_ID)
/


CREATE INDEX IDX_UGRPG_GROUP_ID ON CSM_USER_GROUP_ROLE_PG
(GROUP_ID)
/


CREATE INDEX IDX_UGRPG_ROLE_ID ON CSM_USER_GROUP_ROLE_PG
(ROLE_ID)
/


CREATE INDEX IDX_UGRPG_PG_ID ON CSM_USER_GROUP_ROLE_PG
(PROTECTION_GROUP_ID)
/


CREATE INDEX IDX_UGRPG_USER_ID ON CSM_USER_GROUP_ROLE_PG
(USER_ID)
/


CREATE UNIQUE INDEX PK_USER_PROTECTION_ELEMENT ON CSM_USER_PE
(USER_PROTECTION_ELEMENT_ID)
/


CREATE UNIQUE INDEX UQ_USER_PE_PE_ID ON CSM_USER_PE
(USER_ID, PROTECTION_ELEMENT_ID)
/


CREATE INDEX IDX_UPE_USER_ID ON CSM_USER_PE
(USER_ID)
/


CREATE INDEX IDX_UPE_PE_ID ON CSM_USER_PE
(PROTECTION_ELEMENT_ID)
/


CREATE OR REPLACE TRIGGER SET_CSM_USER_GROU_USER_GROUP_R
BEFORE INSERT
ON CSM_USER_GROUP_ROLE_PG
REFERENCING NEW AS New OLD AS Old
FOR EACH ROW
BEGIN

   SELECT CSM_USER_GROU_USER_GROUP_R_SEQ.NEXTVAL
     INTO :NEW.USER_GROUP_ROLE_PG_ID
	 FROM dual;

END ;
/
SHOW ERRORS;



CREATE OR REPLACE TRIGGER SET_CSM_USER_USER_ID
BEFORE INSERT
ON CSM_USER
REFERENCING NEW AS New OLD AS Old
FOR EACH ROW
BEGIN

   SELECT CSM_USER_USER_ID_SEQ.NEXTVAL
     INTO :NEW.USER_ID
	 FROM dual;

END ;
/
SHOW ERRORS;



CREATE OR REPLACE TRIGGER SET_CSM_PG_PE_PG_PE_ID
BEFORE INSERT
ON CSM_PG_PE
FOR EACH ROW
BEGIN
  SELECT CSM_PG_PE_PG_PE_ID_SEQ.NEXTVAL
  INTO :NEW.PG_PE_ID
  FROM DUAL;
END;
/
SHOW ERRORS;



CREATE OR REPLACE TRIGGER SET_CSM_PG_PE_UPDATE_DATE
BEFORE UPDATE
ON CSM_PG_PE
FOR EACH ROW
BEGIN
  SELECT SYSDATE
  INTO :NEW.UPDATE_DATE
  FROM DUAL;
END;
/
SHOW ERRORS;



CREATE OR REPLACE TRIGGER SET_CSM_ROLE_PRIV_ROLE_PRIVILE
BEFORE INSERT
ON CSM_ROLE_PRIVILEGE
FOR EACH ROW
BEGIN
  SELECT CSM_ROLE_PRIV_ROLE_PRIVILE_SEQ.NEXTVAL
  INTO :NEW.ROLE_PRIVILEGE_ID
  FROM DUAL;
END;
/
SHOW ERRORS;



CREATE OR REPLACE TRIGGER SET_CSM_USER_GROU_USER_GROUP_I
BEFORE INSERT
ON CSM_USER_GROUP
FOR EACH ROW
BEGIN
  SELECT CSM_USER_GROU_USER_GROUP_I_SEQ.NEXTVAL
  INTO :NEW.USER_GROUP_ID
  FROM DUAL;
END;
/
SHOW ERRORS;



CREATE OR REPLACE TRIGGER SET_CSM_USER_PE_USER_PROTECTIO
BEFORE INSERT
ON CSM_USER_PE
FOR EACH ROW
BEGIN
  SELECT CSM_USER_PE_USER_PROTECTIO_SEQ.NEXTVAL
  INTO :NEW.USER_PROTECTION_ELEMENT_ID
  FROM DUAL;
END;
/
SHOW ERRORS;



CREATE OR REPLACE TRIGGER SET_CSM_APPLICATI_APPLICATION
BEFORE INSERT
ON CSM_APPLICATION
REFERENCING NEW AS NEW OLD AS OLD
FOR EACH ROW
BEGIN

   SELECT CSM_APPLICATI_APPLICATION__SEQ.NEXTVAL
     INTO :NEW.APPLICATION_ID
	 FROM dual;

END ;
/
SHOW ERRORS;



CREATE OR REPLACE TRIGGER SET_CSM_GROUP_GROUP_ID
BEFORE INSERT
ON CSM_GROUP
REFERENCING NEW AS New OLD AS Old
FOR EACH ROW
BEGIN

   SELECT CSM_GROUP_GROUP_ID_SEQ.NEXTVAL
     INTO :NEW.GROUP_ID
	 FROM dual;

END ;
/
SHOW ERRORS;



CREATE OR REPLACE TRIGGER SET_CSM_PRIVILEGE_PRIVILEGE_ID
BEFORE INSERT
ON CSM_PRIVILEGE
REFERENCING NEW AS New OLD AS Old
FOR EACH ROW
BEGIN

   SELECT CSM_PRIVILEGE_PRIVILEGE_ID_SEQ.NEXTVAL
     INTO :NEW.PRIVILEGE_ID
	 FROM dual;

END;
/
SHOW ERRORS;



CREATE OR REPLACE TRIGGER SET_CSM_FILTER_CLAUSE_FILTE_ID
BEFORE INSERT
ON CSM_FILTER_CLAUSE
REFERENCING NEW AS New OLD AS Old
FOR EACH ROW
BEGIN

   SELECT CSM_FILTER_CLAUSE_FILTE_ID_SEQ.NEXTVAL
     INTO :NEW.FILTER_CLAUSE_ID
	 FROM dual;

END ;
/
SHOW ERRORS;



CREATE OR REPLACE TRIGGER SET_CSM_PROTECTIO_PROTECTION_E
BEFORE INSERT
ON CSM_PROTECTION_ELEMENT
REFERENCING NEW AS New OLD AS Old
FOR EACH ROW
BEGIN

   SELECT CSM_PROTECTIO_PROTECTION_E_SEQ.NEXTVAL
     INTO :NEW.PROTECTION_ELEMENT_ID
	 FROM dual;

END ;
/
SHOW ERRORS;



CREATE OR REPLACE TRIGGER SET_CSM_PROTECTIO_PROTECTION_G
BEFORE INSERT
ON CSM_PROTECTION_GROUP
REFERENCING NEW AS New OLD AS Old
FOR EACH ROW
BEGIN

   SELECT CSM_PROTECTIO_PROTECTION_G_SEQ.NEXTVAL
     INTO :NEW.PROTECTION_GROUP_ID
	 FROM dual;

END ;
/
SHOW ERRORS;



CREATE OR REPLACE TRIGGER SET_CSM_ROLE_ROLE_ID
BEFORE INSERT
ON CSM_ROLE
REFERENCING NEW AS New OLD AS Old
FOR EACH ROW
BEGIN

   SELECT CSM_ROLE_ROLE_ID_SEQ.NEXTVAL
     INTO :NEW.ROLE_ID
	 FROM dual;

END ;
/
SHOW ERRORS;



CREATE OR REPLACE TRIGGER SET_CSM_MAPPING_MAPPING_ID
BEFORE INSERT
ON CSM_MAPPING
REFERENCING NEW AS New OLD AS Old
FOR EACH ROW
BEGIN

   SELECT CSM_MAPPING_MAPPING_SEQ.NEXTVAL
     INTO :NEW.MAPPING_ID
  FROM dual;

END ;
/
SHOW ERRORS;



ALTER TABLE CSM_APPLICATION ADD (
  CONSTRAINT PK_APPLICATION
 PRIMARY KEY
 (APPLICATION_ID))
/

ALTER TABLE CSM_APPLICATION ADD (
  CONSTRAINT UQ_APPLICATION_NAME
 UNIQUE (APPLICATION_NAME))
/


ALTER TABLE CSM_FILTER_CLAUSE ADD (
  CONSTRAINT PK_FILTER_CLAUSE
 PRIMARY KEY
 (FILTER_CLAUSE_ID))
/


ALTER TABLE CSM_GROUP ADD (
  CONSTRAINT PK_GROUP
 PRIMARY KEY
 (GROUP_ID))
/

ALTER TABLE CSM_GROUP ADD (
  CONSTRAINT UQ_GROUP_GROUP_NAME
 UNIQUE (APPLICATION_ID, GROUP_NAME))
/


ALTER TABLE CSM_MAPPING ADD (
  PRIMARY KEY
 (MAPPING_ID))
/

ALTER TABLE CSM_MAPPING ADD (
  CONSTRAINT UQ_MP_OBJ_NAM_ATTRI_NAM_APP_ID
 UNIQUE (OBJECT_NAME, ATTRIBUTE_NAME, APPLICATION_ID))
/


ALTER TABLE CSM_PG_PE ADD (
  CONSTRAINT PK_PG_PE
 PRIMARY KEY
 (PG_PE_ID))
/

ALTER TABLE CSM_PG_PE ADD (
  CONSTRAINT UQ_PG_PE_PG_PE_ID
 UNIQUE (PROTECTION_ELEMENT_ID, PROTECTION_GROUP_ID))
/


ALTER TABLE CSM_PRIVILEGE ADD (
  CONSTRAINT PK_PRIVILEGE
 PRIMARY KEY
 (PRIVILEGE_ID))
/

ALTER TABLE CSM_PRIVILEGE ADD (
  CONSTRAINT UQ_PRIVILEGE_NAME
 UNIQUE (PRIVILEGE_NAME))
/


ALTER TABLE CSM_PROTECTION_ELEMENT ADD (
  CONSTRAINT PK_PROTECTION_ELEMENT
 PRIMARY KEY
 (PROTECTION_ELEMENT_ID))
/

ALTER TABLE CSM_PROTECTION_ELEMENT ADD (
  CONSTRAINT UQ_PE_OBJ_ATT_APP_ID
 UNIQUE (OBJECT_ID, ATTRIBUTE, APPLICATION_ID))
/


ALTER TABLE CSM_PROTECTION_GROUP ADD (
  CONSTRAINT PK_PROTECTION_GROUP
 PRIMARY KEY
 (PROTECTION_GROUP_ID))
/

ALTER TABLE CSM_PROTECTION_GROUP ADD (
  CONSTRAINT UQ_PG_PG_NAME
 UNIQUE (APPLICATION_ID, PROTECTION_GROUP_NAME))
/


ALTER TABLE CSM_ROLE ADD (
  CONSTRAINT PK_ROLE
 PRIMARY KEY
 (ROLE_ID))
/

ALTER TABLE CSM_ROLE ADD (
  CONSTRAINT UQ_ROLE_ROLE_NAME
 UNIQUE (APPLICATION_ID, ROLE_NAME))
/


ALTER TABLE CSM_ROLE_PRIVILEGE ADD (
  CONSTRAINT PK_ROLE_PRIVILEGE
 PRIMARY KEY
 (ROLE_PRIVILEGE_ID))
/

ALTER TABLE CSM_ROLE_PRIVILEGE ADD (
  CONSTRAINT UQ_ROLE_ID_PRIVILEGE_ID
 UNIQUE (PRIVILEGE_ID, ROLE_ID))
/


ALTER TABLE CSM_USER ADD (
  CONSTRAINT PK_USER
 PRIMARY KEY
 (USER_ID))
/

ALTER TABLE CSM_USER ADD (
  CONSTRAINT UQ_LOGIN_NAME
 UNIQUE (LOGIN_NAME))
/


ALTER TABLE CSM_USER_GROUP ADD (
  CONSTRAINT PK_USER_GROUP
 PRIMARY KEY
 (USER_GROUP_ID))
/


ALTER TABLE CSM_USER_GROUP_ROLE_PG ADD (
  CONSTRAINT PK_USER_GROUP_ROLE_PG
 PRIMARY KEY
 (USER_GROUP_ROLE_PG_ID))
/


ALTER TABLE CSM_USER_PE ADD (
  CONSTRAINT PK_USER_PROTECTION_ELEMENT
 PRIMARY KEY
 (USER_PROTECTION_ELEMENT_ID))
/

ALTER TABLE CSM_USER_PE ADD (
  CONSTRAINT UQ_USER_PE_PE_ID
 UNIQUE (USER_ID, PROTECTION_ELEMENT_ID))
/


ALTER TABLE CSM_FILTER_CLAUSE ADD (
  CONSTRAINT FK_CSM_FC_CSM_APPLICATION 
 FOREIGN KEY (APPLICATION_ID) 
 REFERENCES CSM_APPLICATION (APPLICATION_ID)
    ON DELETE CASCADE)
/


ALTER TABLE CSM_GROUP ADD (
  CONSTRAINT FK_CSM_GROUP_CSM_APPLICATION 
 FOREIGN KEY (APPLICATION_ID) 
 REFERENCES CSM_APPLICATION (APPLICATION_ID)
    ON DELETE CASCADE)
/


ALTER TABLE CSM_MAPPING ADD (
  FOREIGN KEY (APPLICATION_ID) 
 REFERENCES CSM_APPLICATION (APPLICATION_ID)
    ON DELETE CASCADE)
/


ALTER TABLE CSM_PG_PE ADD (
  CONSTRAINT FK_PG_PE_PE 
 FOREIGN KEY (PROTECTION_ELEMENT_ID) 
 REFERENCES CSM_PROTECTION_ELEMENT (PROTECTION_ELEMENT_ID)
    ON DELETE CASCADE)
/

ALTER TABLE CSM_PG_PE ADD (
  CONSTRAINT FK_PG_PE_PG 
 FOREIGN KEY (PROTECTION_GROUP_ID) 
 REFERENCES CSM_PROTECTION_GROUP (PROTECTION_GROUP_ID)
    ON DELETE CASCADE)
/


ALTER TABLE CSM_PROTECTION_ELEMENT ADD (
  CONSTRAINT FK_PE_APPLICATION 
 FOREIGN KEY (APPLICATION_ID) 
 REFERENCES CSM_APPLICATION (APPLICATION_ID)
    ON DELETE CASCADE)
/


ALTER TABLE CSM_PROTECTION_GROUP ADD (
  CONSTRAINT FK_PG_APPLICATION 
 FOREIGN KEY (APPLICATION_ID) 
 REFERENCES CSM_APPLICATION (APPLICATION_ID)
    ON DELETE CASCADE)
/

ALTER TABLE CSM_PROTECTION_GROUP ADD (
  CONSTRAINT FK_PG_PG 
 FOREIGN KEY (PARENT_PROTECTION_GROUP_ID) 
 REFERENCES CSM_PROTECTION_GROUP (PROTECTION_GROUP_ID))
/


ALTER TABLE CSM_ROLE ADD (
  CONSTRAINT FK_ROLE_APPLICATION 
 FOREIGN KEY (APPLICATION_ID) 
 REFERENCES CSM_APPLICATION (APPLICATION_ID)
    ON DELETE CASCADE)
/


ALTER TABLE CSM_ROLE_PRIVILEGE ADD (
  CONSTRAINT FK_ROLE_PRIVILEGE_PRIVILEGE 
 FOREIGN KEY (PRIVILEGE_ID) 
 REFERENCES CSM_PRIVILEGE (PRIVILEGE_ID)
    ON DELETE CASCADE)
/

ALTER TABLE CSM_ROLE_PRIVILEGE ADD (
  CONSTRAINT FK_ROLE_PRIVILEGE_ROLE 
 FOREIGN KEY (ROLE_ID) 
 REFERENCES CSM_ROLE (ROLE_ID)
    ON DELETE CASCADE)
/


ALTER TABLE CSM_USER_GROUP ADD (
  CONSTRAINT FK_USER_GROUP_GROUP 
 FOREIGN KEY (GROUP_ID) 
 REFERENCES CSM_GROUP (GROUP_ID)
    ON DELETE CASCADE)
/

ALTER TABLE CSM_USER_GROUP ADD (
  CONSTRAINT FK_USER_GROUP_USER 
 FOREIGN KEY (USER_ID) 
 REFERENCES CSM_USER (USER_ID)
    ON DELETE CASCADE)
/


ALTER TABLE CSM_USER_GROUP_ROLE_PG ADD (
  CONSTRAINT FK_USER_GROUP_ROLE_PG_GROUP 
 FOREIGN KEY (GROUP_ID) 
 REFERENCES CSM_GROUP (GROUP_ID)
    ON DELETE CASCADE)
/

ALTER TABLE CSM_USER_GROUP_ROLE_PG ADD (
  CONSTRAINT FK_USER_GROUP_ROLE_PG_PG 
 FOREIGN KEY (PROTECTION_GROUP_ID) 
 REFERENCES CSM_PROTECTION_GROUP (PROTECTION_GROUP_ID)
    ON DELETE CASCADE)
/

ALTER TABLE CSM_USER_GROUP_ROLE_PG ADD (
  CONSTRAINT FK_USER_GROUP_ROLE_PG_ROLE 
 FOREIGN KEY (ROLE_ID) 
 REFERENCES CSM_ROLE (ROLE_ID)
    ON DELETE CASCADE)
/

ALTER TABLE CSM_USER_GROUP_ROLE_PG ADD (
  CONSTRAINT FK_USER_GROUP_ROLE_PG_USER 
 FOREIGN KEY (USER_ID) 
 REFERENCES CSM_USER (USER_ID)
    ON DELETE CASCADE)
/


ALTER TABLE CSM_USER_PE ADD (
  CONSTRAINT FK_USER_PE_PE 
 FOREIGN KEY (PROTECTION_ELEMENT_ID) 
 REFERENCES CSM_PROTECTION_ELEMENT (PROTECTION_ELEMENT_ID)
    ON DELETE CASCADE)
/

ALTER TABLE CSM_USER_PE ADD (
  CONSTRAINT FK_USER_PE_USER 
 FOREIGN KEY (USER_ID) 
 REFERENCES CSM_USER (USER_ID)
    ON DELETE CASCADE)
/



Insert into CSM_APPLICATION
   (APPLICATION_ID, APPLICATION_NAME, APPLICATION_DESCRIPTION, DECLARATIVE_FLAG, ACTIVE_FLAG, 
    UPDATE_DATE, DATABASE_URL, DATABASE_USER_NAME, DATABASE_PASSWORD, DATABASE_DIALECT, 
    DATABASE_DRIVER, CSM_VERSION)
 Values
   (14, 'c3d', 'Clinical Connect for C3D', 0, 1, 
    TO_DATE('06/07/2010 09:54:30', 'MM/DD/YYYY HH24:MI:SS'), NULL, NULL, NULL, NULL, 
    NULL, NULL);
COMMIT;


Insert into CSM_GROUP
   (GROUP_ID, GROUP_NAME, GROUP_DESC, UPDATE_DATE, APPLICATION_ID)
 Values
   (222, 'registrar', 'Accepts and approves/denies subject registration requests; requests subject registration on a particular study', TO_DATE('06/08/2010 11:21:42', 'MM/DD/YYYY HH24:MI:SS'), 14);
Insert into CSM_GROUP
   (GROUP_ID, GROUP_NAME, GROUP_DESC, UPDATE_DATE, APPLICATION_ID)
 Values
   (223, 'lab_data_user', 'Enters, edits, and imports labs from LIMS, viewing labs, selecting and sending labs to CDMS and caAERS', TO_DATE('06/08/2010 11:21:42', 'MM/DD/YYYY HH24:MI:SS'), 14);
Insert into CSM_GROUP
   (GROUP_ID, GROUP_NAME, GROUP_DESC, UPDATE_DATE, APPLICATION_ID)
 Values
   (224, 'data_analyst', 'Read-only: searches for data, uses built-in analysis tools, exports data to third party tools', TO_DATE('06/08/2010 11:21:43', 'MM/DD/YYYY HH24:MI:SS'), 14);
COMMIT;


Insert into CSM_PG_PE
   (PG_PE_ID, PROTECTION_GROUP_ID, PROTECTION_ELEMENT_ID, UPDATE_DATE)
 Values
   (66, 72, 79, TO_DATE('06/07/2010 09:54:31', 'MM/DD/YYYY HH24:MI:SS'));
Insert into CSM_PG_PE
   (PG_PE_ID, PROTECTION_GROUP_ID, PROTECTION_ELEMENT_ID, UPDATE_DATE)
 Values
   (67, 73, 80, TO_DATE('06/07/2010 09:54:32', 'MM/DD/YYYY HH24:MI:SS'));
Insert into CSM_PG_PE
   (PG_PE_ID, PROTECTION_GROUP_ID, PROTECTION_ELEMENT_ID, UPDATE_DATE)
 Values
   (68, 74, 81, TO_DATE('06/07/2010 09:54:32', 'MM/DD/YYYY HH24:MI:SS'));
Insert into CSM_PG_PE
   (PG_PE_ID, PROTECTION_GROUP_ID, PROTECTION_ELEMENT_ID, UPDATE_DATE)
 Values
   (69, 75, 82, TO_DATE('06/07/2010 09:54:32', 'MM/DD/YYYY HH24:MI:SS'));
Insert into CSM_PG_PE
   (PG_PE_ID, PROTECTION_GROUP_ID, PROTECTION_ELEMENT_ID, UPDATE_DATE)
 Values
   (70, 76, 83, TO_DATE('06/07/2010 09:54:32', 'MM/DD/YYYY HH24:MI:SS'));
COMMIT;

Insert into CSM_PRIVILEGE
   (PRIVILEGE_ID, PRIVILEGE_NAME, PRIVILEGE_DESCRIPTION, UPDATE_DATE)
 Values
   (280, 'registrar', 'Accepts and approves/denies subject registration requests; requests subject registration on a particular study', TO_DATE('06/07/2010 09:54:30', 'MM/DD/YYYY HH24:MI:SS'));
Insert into CSM_PRIVILEGE
   (PRIVILEGE_ID, PRIVILEGE_NAME, PRIVILEGE_DESCRIPTION, UPDATE_DATE)
 Values
   (281, 'lab_data_user', 'Enters, edits, and imports labs from LIMS, viewing labs, selecting and sending labs to CDMS and caAERS', TO_DATE('06/07/2010 09:54:30', 'MM/DD/YYYY HH24:MI:SS'));
Insert into CSM_PRIVILEGE
   (PRIVILEGE_ID, PRIVILEGE_NAME, PRIVILEGE_DESCRIPTION, UPDATE_DATE)
 Values
   (282, 'data_analyst', 'Read-only: searches for data, uses built-in analysis tools, exports data to third party tools', TO_DATE('06/07/2010 09:54:30', 'MM/DD/YYYY HH24:MI:SS'));
Insert into CSM_PRIVILEGE
   (PRIVILEGE_ID, PRIVILEGE_NAME, PRIVILEGE_DESCRIPTION, UPDATE_DATE)
 Values
   (283, 'CCC3D_ENROLLPATIENT_SERVICE', 'Clinical Connector C3D, Enroll Patient on Study Service.', TO_DATE('06/07/2010 09:54:31', 'MM/DD/YYYY HH24:MI:SS'));
Insert into CSM_PRIVILEGE
   (PRIVILEGE_ID, PRIVILEGE_NAME, PRIVILEGE_DESCRIPTION, UPDATE_DATE)
 Values
   (284, 'CCC3D_LOADLABS_SERVICE', 'Clinical Connector C3D, Load Laboratory Test Result Service.', TO_DATE('06/07/2010 09:54:31', 'MM/DD/YYYY HH24:MI:SS'));
Insert into CSM_PRIVILEGE
   (PRIVILEGE_ID, PRIVILEGE_NAME, PRIVILEGE_DESCRIPTION, UPDATE_DATE)
 Values
   (285, 'CCC3D_GETSTUDYCDES_SERVICE', 'Clinical Connector C3D, Get Study CDE IDs Metadata Service.', TO_DATE('06/07/2010 09:54:31', 'MM/DD/YYYY HH24:MI:SS'));
Insert into CSM_PRIVILEGE
   (PRIVILEGE_ID, PRIVILEGE_NAME, PRIVILEGE_DESCRIPTION, UPDATE_DATE)
 Values
   (286, 'CCC3D_GETSTUDYCDEDATA_SERVICE', 'Clinical Connector C3D, Get Study Data via CDE Id Service.', TO_DATE('06/07/2010 09:54:31', 'MM/DD/YYYY HH24:MI:SS'));
Insert into CSM_PRIVILEGE
   (PRIVILEGE_ID, PRIVILEGE_NAME, PRIVILEGE_DESCRIPTION, UPDATE_DATE)
 Values
   (287, 'CCC3D_ISVALIDSTUDY_SERVICE', 'Clinical Connector C3D, Validate C3D Study Existance Service.', TO_DATE('06/07/2010 09:54:31', 'MM/DD/YYYY HH24:MI:SS'));
Insert into CSM_PRIVILEGE
   (PRIVILEGE_ID, PRIVILEGE_NAME, PRIVILEGE_DESCRIPTION, UPDATE_DATE)
 Values
   (288, 'ACCESS', 'This privilege allows a user to access a particular resource.  Eg. network connection, database connection, socket, module of the application, or even the application itself', TO_DATE('06/08/2010 11:47:56', 'MM/DD/YYYY HH24:MI:SS'));
COMMIT;

Insert into CSM_PROTECTION_ELEMENT
   (PROTECTION_ELEMENT_ID, PROTECTION_ELEMENT_NAME, PROTECTION_ELEMENT_DESCRIPTION, OBJECT_ID, ATTRIBUTE, 
    ATTRIBUTE_VALUE, PROTECTION_ELEMENT_TYPE, APPLICATION_ID, UPDATE_DATE)
 Values
   (79, 'CCC3D_ISVALIDSTUDY_SERVICE', 'Clinical Connector C3D, Validate C3D Study Existance Service', 'ISVALIDSTUDY_SERVICE', NULL, 
    NULL, NULL, 14, TO_DATE('06/07/2010 09:54:31', 'MM/DD/YYYY HH24:MI:SS'));
Insert into CSM_PROTECTION_ELEMENT
   (PROTECTION_ELEMENT_ID, PROTECTION_ELEMENT_NAME, PROTECTION_ELEMENT_DESCRIPTION, OBJECT_ID, ATTRIBUTE, 
    ATTRIBUTE_VALUE, PROTECTION_ELEMENT_TYPE, APPLICATION_ID, UPDATE_DATE)
 Values
   (80, 'CCC3D_GETSTUDYCDEDATA_SERVICE', 'Clinical Connector C3D, Get Study Data via CDE Id Service', 'GETSTUDYCDEDATA_SERVICE', NULL, 
    NULL, NULL, 14, TO_DATE('06/07/2010 09:54:32', 'MM/DD/YYYY HH24:MI:SS'));
Insert into CSM_PROTECTION_ELEMENT
   (PROTECTION_ELEMENT_ID, PROTECTION_ELEMENT_NAME, PROTECTION_ELEMENT_DESCRIPTION, OBJECT_ID, ATTRIBUTE, 
    ATTRIBUTE_VALUE, PROTECTION_ELEMENT_TYPE, APPLICATION_ID, UPDATE_DATE)
 Values
   (81, 'CCC3D_GETSTUDYCDES_SERVICE', 'Clinical Connector C3D, Get Study CDE IDs Metadata Service', 'GETSTUDYCDES_SERVICE', NULL, 
    NULL, NULL, 14, TO_DATE('06/07/2010 09:54:32', 'MM/DD/YYYY HH24:MI:SS'));
Insert into CSM_PROTECTION_ELEMENT
   (PROTECTION_ELEMENT_ID, PROTECTION_ELEMENT_NAME, PROTECTION_ELEMENT_DESCRIPTION, OBJECT_ID, ATTRIBUTE, 
    ATTRIBUTE_VALUE, PROTECTION_ELEMENT_TYPE, APPLICATION_ID, UPDATE_DATE)
 Values
   (82, 'CCC3D_LOADLABS_SERVICE', 'Clinical Connector C3D, Load Laboratory Test Result Service', 'LOADLABS_SERVICE', NULL, 
    NULL, NULL, 14, TO_DATE('06/07/2010 09:54:32', 'MM/DD/YYYY HH24:MI:SS'));
Insert into CSM_PROTECTION_ELEMENT
   (PROTECTION_ELEMENT_ID, PROTECTION_ELEMENT_NAME, PROTECTION_ELEMENT_DESCRIPTION, OBJECT_ID, ATTRIBUTE, 
    ATTRIBUTE_VALUE, PROTECTION_ELEMENT_TYPE, APPLICATION_ID, UPDATE_DATE)
 Values
   (83, 'CCC3D_ENROLLPATIENT_SERVICE', 'Clinical Connector C3D, Enroll Patient on Study Service', 'ENROLLPATIENT_SERVICE', NULL, 
    NULL, NULL, 14, TO_DATE('06/07/2010 09:54:32', 'MM/DD/YYYY HH24:MI:SS'));
COMMIT;

Insert into CSM_PROTECTION_GROUP
   (PROTECTION_GROUP_ID, PROTECTION_GROUP_NAME, PROTECTION_GROUP_DESCRIPTION, APPLICATION_ID, LARGE_ELEMENT_COUNT_FLAG, 
    UPDATE_DATE, PARENT_PROTECTION_GROUP_ID)
 Values
   (72, 'CCC3D_ISVALIDSTUDY_SERVICE', 'Clinical Connector C3D, Validate C3D Study Existance Service', 14, 0, 
    TO_DATE('06/07/2010 09:54:31', 'MM/DD/YYYY HH24:MI:SS'), NULL);
Insert into CSM_PROTECTION_GROUP
   (PROTECTION_GROUP_ID, PROTECTION_GROUP_NAME, PROTECTION_GROUP_DESCRIPTION, APPLICATION_ID, LARGE_ELEMENT_COUNT_FLAG, 
    UPDATE_DATE, PARENT_PROTECTION_GROUP_ID)
 Values
   (73, 'CCC3D_GETSTUDYCDEDATA_SERVICE', 'Clinical Connector C3D, Get Study Data via CDE Id Service', 14, 0, 
    TO_DATE('06/07/2010 09:54:32', 'MM/DD/YYYY HH24:MI:SS'), NULL);
Insert into CSM_PROTECTION_GROUP
   (PROTECTION_GROUP_ID, PROTECTION_GROUP_NAME, PROTECTION_GROUP_DESCRIPTION, APPLICATION_ID, LARGE_ELEMENT_COUNT_FLAG, 
    UPDATE_DATE, PARENT_PROTECTION_GROUP_ID)
 Values
   (74, 'CCC3D_GETSTUDYCDES_SERVICE', 'Clinical Connector C3D, Get Study CDE IDs Metadata Service', 14, 0, 
    TO_DATE('06/07/2010 09:54:32', 'MM/DD/YYYY HH24:MI:SS'), NULL);
Insert into CSM_PROTECTION_GROUP
   (PROTECTION_GROUP_ID, PROTECTION_GROUP_NAME, PROTECTION_GROUP_DESCRIPTION, APPLICATION_ID, LARGE_ELEMENT_COUNT_FLAG, 
    UPDATE_DATE, PARENT_PROTECTION_GROUP_ID)
 Values
   (75, 'CCC3D_LOADLABS_SERVICE', 'Clinical Connector C3D, Load Laboratory Test Result Service', 14, 0, 
    TO_DATE('06/07/2010 09:54:32', 'MM/DD/YYYY HH24:MI:SS'), NULL);
Insert into CSM_PROTECTION_GROUP
   (PROTECTION_GROUP_ID, PROTECTION_GROUP_NAME, PROTECTION_GROUP_DESCRIPTION, APPLICATION_ID, LARGE_ELEMENT_COUNT_FLAG, 
    UPDATE_DATE, PARENT_PROTECTION_GROUP_ID)
 Values
   (76, 'CCC3D_ENROLLPATIENT_SERVICE', 'Clinical Connector C3D, Enroll Patient on Study Service', 14, 0, 
    TO_DATE('06/07/2010 09:54:32', 'MM/DD/YYYY HH24:MI:SS'), NULL);
COMMIT;

Insert into CSM_ROLE
   (ROLE_ID, ROLE_NAME, ROLE_DESCRIPTION, APPLICATION_ID, ACTIVE_FLAG, 
    UPDATE_DATE)
 Values
   (214, 'registrar', 'Accepts and approves/denies subject registration requests; requests subject registration on a particular study', 14, 1, 
    TO_DATE('06/07/2010 09:54:30', 'MM/DD/YYYY HH24:MI:SS'));
Insert into CSM_ROLE
   (ROLE_ID, ROLE_NAME, ROLE_DESCRIPTION, APPLICATION_ID, ACTIVE_FLAG, 
    UPDATE_DATE)
 Values
   (215, 'lab_data_user', 'Enters, edits, and imports labs from LIMS, viewing labs, selecting and sending labs to CDMS and caAERS', 14, 1, 
    TO_DATE('06/07/2010 09:54:30', 'MM/DD/YYYY HH24:MI:SS'));
Insert into CSM_ROLE
   (ROLE_ID, ROLE_NAME, ROLE_DESCRIPTION, APPLICATION_ID, ACTIVE_FLAG, 
    UPDATE_DATE)
 Values
   (216, 'data_analyst', 'Read-only: searches for data, uses built-in analysis tools, exports data to third party tools', 14, 1, 
    TO_DATE('06/07/2010 09:54:30', 'MM/DD/YYYY HH24:MI:SS'));
COMMIT;

Insert into CSM_ROLE_PRIVILEGE
   (ROLE_PRIVILEGE_ID, ROLE_ID, PRIVILEGE_ID)
 Values
   (240, 214, 280);
Insert into CSM_ROLE_PRIVILEGE
   (ROLE_PRIVILEGE_ID, ROLE_ID, PRIVILEGE_ID)
 Values
   (241, 215, 281);
Insert into CSM_ROLE_PRIVILEGE
   (ROLE_PRIVILEGE_ID, ROLE_ID, PRIVILEGE_ID)
 Values
   (242, 216, 282);
Insert into CSM_ROLE_PRIVILEGE
   (ROLE_PRIVILEGE_ID, ROLE_ID, PRIVILEGE_ID)
 Values
   (243, 214, 283);
Insert into CSM_ROLE_PRIVILEGE
   (ROLE_PRIVILEGE_ID, ROLE_ID, PRIVILEGE_ID)
 Values
   (244, 215, 284);
Insert into CSM_ROLE_PRIVILEGE
   (ROLE_PRIVILEGE_ID, ROLE_ID, PRIVILEGE_ID)
 Values
   (245, 216, 285);
Insert into CSM_ROLE_PRIVILEGE
   (ROLE_PRIVILEGE_ID, ROLE_ID, PRIVILEGE_ID)
 Values
   (246, 216, 286);
Insert into CSM_ROLE_PRIVILEGE
   (ROLE_PRIVILEGE_ID, ROLE_ID, PRIVILEGE_ID)
 Values
   (247, 214, 287);
Insert into CSM_ROLE_PRIVILEGE
   (ROLE_PRIVILEGE_ID, ROLE_ID, PRIVILEGE_ID)
 Values
   (248, 215, 287);
Insert into CSM_ROLE_PRIVILEGE
   (ROLE_PRIVILEGE_ID, ROLE_ID, PRIVILEGE_ID)
 Values
   (249, 216, 287);
Insert into CSM_ROLE_PRIVILEGE
   (ROLE_PRIVILEGE_ID, ROLE_ID, PRIVILEGE_ID)
 Values
   (250, 214, 288);
COMMIT;

Insert into CSM_USER
   (USER_ID, LOGIN_NAME, FIRST_NAME, MIGRATED_FLAG, LAST_NAME, 
    ORGANIZATION, DEPARTMENT, TITLE, PHONE_NUMBER, PASSWORD, 
    EMAIL_ID, START_DATE, END_DATE, UPDATE_DATE, PREMGRT_LOGIN_NAME)
 Values
   (2, '/O=caBIG/OU=caGrid/OU=Stage LOA1/OU=Dorian/CN=cctsdev1', 'CCTS', 0, 'Dev', 
    NULL, NULL, NULL, NULL, 'bPNmIKx6zKw=', 
    NULL, NULL, NULL, TO_DATE('06/01/2010 15:25:24', 'MM/DD/YYYY HH24:MI:SS'), NULL);
Insert into CSM_USER
   (USER_ID, LOGIN_NAME, FIRST_NAME, MIGRATED_FLAG, LAST_NAME, 
    ORGANIZATION, DEPARTMENT, TITLE, PHONE_NUMBER, PASSWORD, 
    EMAIL_ID, START_DATE, END_DATE, UPDATE_DATE, PREMGRT_LOGIN_NAME)
 Values
   (3, '/O=caBIG/OU=caGrid/OU=Stage LOA1/OU=Dorian/CN=dev1@nci', 'CCTS', 0, 'Dev', 
    NULL, NULL, NULL, NULL, 'd', 
    NULL, NULL, NULL, TO_DATE('06/01/2010 15:25:24', 'MM/DD/YYYY HH24:MI:SS'), NULL);
Insert into CSM_USER
   (USER_ID, LOGIN_NAME, FIRST_NAME, MIGRATED_FLAG, LAST_NAME, 
    ORGANIZATION, DEPARTMENT, TITLE, PHONE_NUMBER, PASSWORD, 
    EMAIL_ID, START_DATE, END_DATE, UPDATE_DATE, PREMGRT_LOGIN_NAME)
 Values
   (4, '/O=caBIG/OU=caGrid/OU=Stage LOA1/OU=Dorian/CN=sitecoord1', 'CCTS', 0, 'Dev', 
    NULL, NULL, NULL, NULL, 'd', 
    NULL, NULL, NULL, TO_DATE('06/01/2010 15:25:25', 'MM/DD/YYYY HH24:MI:SS'), NULL);
Insert into CSM_USER
   (USER_ID, LOGIN_NAME, FIRST_NAME, MIGRATED_FLAG, LAST_NAME, 
    ORGANIZATION, DEPARTMENT, TITLE, PHONE_NUMBER, PASSWORD, 
    EMAIL_ID, START_DATE, END_DATE, UPDATE_DATE, PREMGRT_LOGIN_NAME)
 Values
   (5, 'testUser1', 'test', 0, 'user1', 
    NULL, NULL, NULL, NULL, NULL, 
    NULL, NULL, NULL, TO_DATE('06/08/2010 11:11:57', 'MM/DD/YYYY HH24:MI:SS'), NULL);
Insert into CSM_USER
   (USER_ID, LOGIN_NAME, FIRST_NAME, MIGRATED_FLAG, LAST_NAME, 
    ORGANIZATION, DEPARTMENT, TITLE, PHONE_NUMBER, PASSWORD, 
    EMAIL_ID, START_DATE, END_DATE, UPDATE_DATE, PREMGRT_LOGIN_NAME)
 Values
   (6, 'testUser2', 'test', 0, 'user2', 
    NULL, NULL, NULL, NULL, NULL, 
    NULL, NULL, NULL, TO_DATE('06/08/2010 11:12:00', 'MM/DD/YYYY HH24:MI:SS'), NULL);
Insert into CSM_USER
   (USER_ID, LOGIN_NAME, FIRST_NAME, MIGRATED_FLAG, LAST_NAME, 
    ORGANIZATION, DEPARTMENT, TITLE, PHONE_NUMBER, PASSWORD, 
    EMAIL_ID, START_DATE, END_DATE, UPDATE_DATE, PREMGRT_LOGIN_NAME)
 Values
   (7, 'Holder of 2', 'Holder ', 0, 'of 2', 
    NULL, NULL, NULL, NULL, NULL, 
    NULL, NULL, NULL, TO_DATE('06/30/2010 15:04:34', 'MM/DD/YYYY HH24:MI:SS'), NULL);
COMMIT;


Insert into CSM_USER_GROUP_ROLE_PG
   (USER_GROUP_ROLE_PG_ID, USER_ID, GROUP_ID, ROLE_ID, PROTECTION_GROUP_ID, 
    UPDATE_DATE)
 Values
   (2, 6, 222, 214, 76, 
    TO_DATE('06/08/2010 11:22:45', 'MM/DD/YYYY HH24:MI:SS'));
Insert into CSM_USER_GROUP_ROLE_PG
   (USER_GROUP_ROLE_PG_ID, USER_ID, GROUP_ID, ROLE_ID, PROTECTION_GROUP_ID, 
    UPDATE_DATE)
 Values
   (4, 5, 222, 215, 75, 
    TO_DATE('06/08/2010 11:23:15', 'MM/DD/YYYY HH24:MI:SS'));
Insert into CSM_USER_GROUP_ROLE_PG
   (USER_GROUP_ROLE_PG_ID, USER_ID, GROUP_ID, ROLE_ID, PROTECTION_GROUP_ID, 
    UPDATE_DATE)
 Values
   (5, 7, 224, 216, 73, 
    TO_DATE('06/16/2010 14:42:30', 'MM/DD/YYYY HH24:MI:SS'));
Insert into CSM_USER_GROUP_ROLE_PG
   (USER_GROUP_ROLE_PG_ID, USER_ID, GROUP_ID, ROLE_ID, PROTECTION_GROUP_ID, 
    UPDATE_DATE)
 Values
   (6, 7, 224, 214, 76, 
    TO_DATE('06/24/2010 15:36:04', 'MM/DD/YYYY HH24:MI:SS'));
Insert into CSM_USER_GROUP_ROLE_PG
   (USER_GROUP_ROLE_PG_ID, USER_ID, GROUP_ID, ROLE_ID, PROTECTION_GROUP_ID, 
    UPDATE_DATE)
 Values
   (7, 2, 224, 216, 74, 
    TO_DATE('07/09/2010 09:05:57', 'MM/DD/YYYY HH24:MI:SS'));
Insert into CSM_USER_GROUP_ROLE_PG
   (USER_GROUP_ROLE_PG_ID, USER_ID, GROUP_ID, ROLE_ID, PROTECTION_GROUP_ID, 
    UPDATE_DATE)
 Values
   (8, 2, 224, 216, 73, 
    TO_DATE('07/09/2010 09:06:17', 'MM/DD/YYYY HH24:MI:SS'));
COMMIT;


